Stop_Maxis_I-D1.dat,0xfe7cd975
Stop_Maxis_I-D2.dat,0xfe7cd976
Stop_Maxis_I-D3.dat,0xfe7cd977
Stop_Maxis_I-HT1.dat,0xfe7cd978
Stop_Maxis_I-HT2.dat,0xfe7cd979
Stop_Maxis_I-HT3.dat,0xfe7cd97a
Stop_Maxis_I-M1.dat,0xfe7cd97b
Stop_Maxis_I-M2.dat,0xfe7cd97c
Stop_Maxis_I-M3.dat,0xfe7cd97d
Stop_Maxis_I-R1.dat,0xfe7cd97e
Stop_Maxis_I-R2.dat,0xfe7cd97f
Stop_Maxis_I-R3.dat,0xfe7cd980
Stop_Maxis_R$.dat,0xfe7cd981
Stop_Maxis_R$$.dat,0xfe7cd982
Stop_Maxis_R$$$.dat,0xfe7cd983
Stop_Maxis_CS$.dat,0xfe7cd984
Stop_Maxis_CS$$.dat,0xfe7cd985
Stop_Maxis_CS$$$.dat,0xfe7cd986
Stop_Maxis_CO$$.dat,0xfe7cd987
Stop_Maxis_CO$$$.dat,0xfe7cd988
